<?xml version="1.0" encoding="UTF-8"?>
<beans:beans xmlns="http://www.springframework.org/schema/mvc"
	xmlns:xsi="http://www.w3.org/2001/XMLSchema-instance"
	xmlns:beans="http://www.springframework.org/schema/beans"
	xmlns:context="http://www.springframework.org/schema/context"
	xmlns:tx="http://www.springframework.org/schema/tx"
	xsi:schemaLocation="http://www.springframework.org/schema/mvc https://www.springframework.org/schema/mvc/spring-mvc.xsd
		http://www.springframework.org/schema/beans https://www.springframework.org/schema/beans/spring-beans.xsd
		http://www.springframework.org/schema/context https://www.springframework.org/schema/context/spring-context.xsd
		http://www.springframework.org/schema/tx http://www.springframework.org/schema/tx/spring-tx-4.3.xsd">

	<!-- DispatcherServlet Context: defines this servlet's request-processing infrastructure -->
	
<!--===============================================기본 설정=========================================================-->
	<!-- Enables the Spring MVC @Controller programming model -->
	<annotation-driven />
<!--=================================================================================================================-->

	<!-- 트랜잭션 관리를 위한 @Transactional 어노테이션을 사용하기 위한 어노테이션 드라이븐 -->
	<tx:annotation-driven/>






<!--===============================================기본 설정=========================================================-->
	<!-- 정적 프로그램에 접근하려고자 한다면 설정값을 추가해야함 -->
	<!-- Handles HTTP GET requests for /resources/** by efficiently serving up static resources in the ${webappRoot}/resources directory -->
	<resources mapping="/resources/**" location="/resources/" />
<!--=================================================================================================================-->









<!--===============================================기본 설정=========================================================-->

	<!-- Resolves views selected for rendering by @Controllers to .jsp resources in the /WEB-INF/views directory -->
	<beans:bean class="org.springframework.web.servlet.view.InternalResourceViewResolver">
		<beans:property name="prefix" value="/WEB-INF/views/" />
		<beans:property name="suffix" value=".jsp" />
	</beans:bean>
	
<!--=================================================================================================================-->

	<!--********************************파일업로드 설정**********************************-->
	<beans:bean name="multippartResolver" class="org.springframework.web.multipart.commons.CommonsMultipartResolver">
		<beans:property name="maxInMemorySize" value="1048576"/>
		<beans:property name="maxUploadSize" value="10485760"/>
		<beans:property name="maxUploadSizePerFile" value="5242880"/>
	</beans:bean>
	<!--********************************파일업로드 끝**********************************-->
	
	
	
	
	
	
<!--===============================================기본 설정=========================================================-->
	
<!-- @Controller, @Service, @Repository, @Component를 탐색하는 태그 -->
	<!--  base-package의 값으로 위 어노테이션을 등록한 파일이 있는 패키지를 지정한다 -->	
	<context:component-scan base-package="com.kh.jaManChw" />
	
<!--=================================================================================================================-->
	
	
</beans:beans>
