<?xml version="1.0" encoding="UTF-8"?>
<beans xmlns="http://www.springframework.org/schema/beans"
	xmlns:xsi="http://www.w3.org/2001/XMLSchema-instance"
	xsi:schemaLocation="http://www.springframework.org/schema/beans https://www.springframework.org/schema/beans/spring-beans.xsd">
	
	<!-- Root Context: defines shared resources visible to all other web components -->
	<bean id="dataSource" class="org.springframework.jdbc.datasource.DriverManagerDataSource">
		<property name="driverClassName" value="oracle.jdbc.driver.OracleDriver"/>
<!-- 		<property name="url" value="jdbc:oracle:thin:@kihoonsdb_medium?TNS_ADMIN=D:/wallet/Wallet_KiHoonsDB"/> -->
		<property name="url" value="jdbc:oracle:thin:@kihoonsdb_medium?TNS_ADMIN=D:/wallet/Wallet_KiHoonsDB"/>
		<property name="username" value="admin"/>
		<property name="password" value="thdrlgns123!Q"/>
	</bean>
	
	<bean id="SqlSessionFactory" class="org.mybatis.spring.SqlSessionFactoryBean">
	
		<property name="dataSource" ref="dataSource"/>
		
		<property name="mapperLocations">
			<array>
				<value>classpath:/**/*Mapper.xml</value>
			</array>
		</property>
	
	</bean>
	<bean class="org.mybatis.spring.mapper.MapperScannerConfigurer">
		<property name="basePackage" value="com.kh.jaManChw"></property>
	</bean>
	<bean id="transaction" class="org.springframework.jdbc.datasource.DataSourceTransactionManager">
		<property name="dataSource" ref="dataSource"/>
	</bean>
</beans>
